<?xml version="1.0" encoding="UTF-8"?><rss version="2.0"
	xmlns:content="http://purl.org/rss/1.0/modules/content/"
	xmlns:wfw="http://wellformedweb.org/CommentAPI/"
	xmlns:dc="http://purl.org/dc/elements/1.1/"
	xmlns:atom="http://www.w3.org/2005/Atom"
	xmlns:sy="http://purl.org/rss/1.0/modules/syndication/"
	xmlns:slash="http://purl.org/rss/1.0/modules/slash/"
	>

<channel>
	<title>Rush &#8211; Rush</title>
	<atom:link href="/index.php/author/rush/feed/" rel="self" type="application/rss+xml" />
	<link></link>
	<description>News or Branding Web</description>
	<lastBuildDate>Tue, 10 May 2022 16:01:51 +0000</lastBuildDate>
	<language>es</language>
	<sy:updatePeriod>
	hourly	</sy:updatePeriod>
	<sy:updateFrequency>
	1	</sy:updateFrequency>
	<generator>https://wordpress.org/?v=5.9.3</generator>

<image>
	<url>/wp-content/uploads/2022/05/RUSH-logo.png</url>
	<title>Rush &#8211; Rush</title>
	<link></link>
	<width>32</width>
	<height>32</height>
</image> 
	<item>
		<title>The Major Health Benefits of Lifting Weights</title>
		<link>/index.php/2018/11/20/the-major-health-benefits-of-lifting-weights/</link>
		
		<dc:creator><![CDATA[Rush]]></dc:creator>
		<pubDate>Tue, 20 Nov 2018 09:23:53 +0000</pubDate>
				<category><![CDATA[Health]]></category>
		<category><![CDATA[Recommended]]></category>
		<guid isPermaLink="false">https://www.themehorse.com/preview/newscard/?p=155</guid>

					<description><![CDATA[Lorem ipsum dolor sit amet, consectetur adipiscing elit. Aliquam eros ante, placerat ac pulvinar at, iaculis a quam. Duis ut risus lobortis diam molestie vehicula. Nunc aliquet lectus at egestas&#8230; ]]></description>
										<content:encoded><![CDATA[<p>Lorem ipsum dolor sit amet, consectetur adipiscing elit. Aliquam eros ante, placerat ac pulvinar at, iaculis a quam. Duis ut risus lobortis diam molestie vehicula. Nunc aliquet lectus at egestas tristique. Orci varius natoque penatibus et magnis dis parturient montes, nascetur ridiculus mus. Ut commodo vel quam sit amet aliquam. Nulla facilisi. Sed enim libero, pellentesque euismod hendrerit sed, vestibulum nec mi. Integer aliquam purus blandit eleifend auctor. Maecenas porttitor eros at pulvinar lobortis. Donec arcu ante, fringilla id orci id, dignissim mollis sapien. Aenean vehicula justo mauris, eget interdum turpis dapibus a.</p>
<p>Quisque massa mauris, imperdiet in nisl vitae, mollis faucibus enim. Suspendisse mollis tempus enim, id tincidunt velit lacinia eget. Nam tincidunt lorem sit amet malesuada aliquet. Morbi pellentesque pharetra turpis vel mattis. Proin vulputate aliquet tincidunt. Nulla sed urna consequat, aliquam diam in, congue metus. Nullam sit amet aliquam orci.</p>
<p>Donec lorem metus, pulvinar sit amet augue ut, tristique euismod neque. Nullam vitae hendrerit tellus, sit amet maximus lorem. Praesent commodo orci ut venenatis dictum. Pellentesque odio quam, rutrum a mi sed, aliquet ullamcorper ipsum. Phasellus bibendum elit ligula, sed placerat diam hendrerit non. Suspendisse commodo tempus leo at congue. Curabitur aliquet efficitur nisi, eu dignissim dui consectetur vitae. Aenean eget magna quis est tincidunt maximus. Nunc non metus vitae sem imperdiet scelerisque. Aenean egestas euismod ante, id congue ligula egestas sed. Quisque eros enim, dignissim non efficitur posuere, viverra in velit. Aliquam ac pretium sem. Suspendisse fringilla mattis orci in consequat. Mauris quis nulla sed dui volutpat semper eget at neque.</p>
]]></content:encoded>
					
		
		
			</item>
		<item>
		<title>Why the Zumba Workout Is Insanely Good Exercise</title>
		<link>/index.php/2018/11/20/why-the-zumba-workout-is-insanely-good-exercise/</link>
		
		<dc:creator><![CDATA[Rush]]></dc:creator>
		<pubDate>Tue, 20 Nov 2018 09:23:18 +0000</pubDate>
				<category><![CDATA[Health]]></category>
		<category><![CDATA[Recommended]]></category>
		<guid isPermaLink="false">https://www.themehorse.com/preview/newscard/?p=154</guid>

					<description><![CDATA[Lorem ipsum dolor sit amet, consectetur adipiscing elit. Aliquam eros ante, placerat ac pulvinar at, iaculis a quam. Duis ut risus lobortis diam molestie vehicula. Nunc aliquet lectus at egestas&#8230; ]]></description>
										<content:encoded><![CDATA[<p>Lorem ipsum dolor sit amet, consectetur adipiscing elit. Aliquam eros ante, placerat ac pulvinar at, iaculis a quam. Duis ut risus lobortis diam molestie vehicula. Nunc aliquet lectus at egestas tristique. Orci varius natoque penatibus et magnis dis parturient montes, nascetur ridiculus mus. Ut commodo vel quam sit amet aliquam. Nulla facilisi. Sed enim libero, pellentesque euismod hendrerit sed, vestibulum nec mi. Integer aliquam purus blandit eleifend auctor. Maecenas porttitor eros at pulvinar lobortis. Donec arcu ante, fringilla id orci id, dignissim mollis sapien. Aenean vehicula justo mauris, eget interdum turpis dapibus a.</p>
<p>Quisque massa mauris, imperdiet in nisl vitae, mollis faucibus enim. Suspendisse mollis tempus enim, id tincidunt velit lacinia eget. Nam tincidunt lorem sit amet malesuada aliquet. Morbi pellentesque pharetra turpis vel mattis. Proin vulputate aliquet tincidunt. Nulla sed urna consequat, aliquam diam in, congue metus. Nullam sit amet aliquam orci.</p>
<p>Donec lorem metus, pulvinar sit amet augue ut, tristique euismod neque. Nullam vitae hendrerit tellus, sit amet maximus lorem. Praesent commodo orci ut venenatis dictum. Pellentesque odio quam, rutrum a mi sed, aliquet ullamcorper ipsum. Phasellus bibendum elit ligula, sed placerat diam hendrerit non. Suspendisse commodo tempus leo at congue. Curabitur aliquet efficitur nisi, eu dignissim dui consectetur vitae. Aenean eget magna quis est tincidunt maximus. Nunc non metus vitae sem imperdiet scelerisque. Aenean egestas euismod ante, id congue ligula egestas sed. Quisque eros enim, dignissim non efficitur posuere, viverra in velit. Aliquam ac pretium sem. Suspendisse fringilla mattis orci in consequat. Mauris quis nulla sed dui volutpat semper eget at neque.</p>
]]></content:encoded>
					
		
		
			</item>
		<item>
		<title>25 reasons running is better than the gym</title>
		<link>/index.php/2018/11/20/25-reasons-running-is-better-than-the-gym/</link>
		
		<dc:creator><![CDATA[Rush]]></dc:creator>
		<pubDate>Tue, 20 Nov 2018 09:22:36 +0000</pubDate>
				<category><![CDATA[Health]]></category>
		<category><![CDATA[Recommended]]></category>
		<guid isPermaLink="false">https://www.themehorse.com/preview/newscard/?p=153</guid>

					<description><![CDATA[Lorem ipsum dolor sit amet, consectetur adipiscing elit. Aliquam eros ante, placerat ac pulvinar at, iaculis a quam. Duis ut risus lobortis diam molestie vehicula. Nunc aliquet lectus at egestas&#8230; ]]></description>
										<content:encoded><![CDATA[<p>Lorem ipsum dolor sit amet, consectetur adipiscing elit. Aliquam eros ante, placerat ac pulvinar at, iaculis a quam. Duis ut risus lobortis diam molestie vehicula. Nunc aliquet lectus at egestas tristique. Orci varius natoque penatibus et magnis dis parturient montes, nascetur ridiculus mus. Ut commodo vel quam sit amet aliquam. Nulla facilisi. Sed enim libero, pellentesque euismod hendrerit sed, vestibulum nec mi. Integer aliquam purus blandit eleifend auctor. Maecenas porttitor eros at pulvinar lobortis. Donec arcu ante, fringilla id orci id, dignissim mollis sapien. Aenean vehicula justo mauris, eget interdum turpis dapibus a.</p>
<p>Quisque massa mauris, imperdiet in nisl vitae, mollis faucibus enim. Suspendisse mollis tempus enim, id tincidunt velit lacinia eget. Nam tincidunt lorem sit amet malesuada aliquet. Morbi pellentesque pharetra turpis vel mattis. Proin vulputate aliquet tincidunt. Nulla sed urna consequat, aliquam diam in, congue metus. Nullam sit amet aliquam orci.</p>
<p>Donec lorem metus, pulvinar sit amet augue ut, tristique euismod neque. Nullam vitae hendrerit tellus, sit amet maximus lorem. Praesent commodo orci ut venenatis dictum. Pellentesque odio quam, rutrum a mi sed, aliquet ullamcorper ipsum. Phasellus bibendum elit ligula, sed placerat diam hendrerit non. Suspendisse commodo tempus leo at congue. Curabitur aliquet efficitur nisi, eu dignissim dui consectetur vitae. Aenean eget magna quis est tincidunt maximus. Nunc non metus vitae sem imperdiet scelerisque. Aenean egestas euismod ante, id congue ligula egestas sed. Quisque eros enim, dignissim non efficitur posuere, viverra in velit. Aliquam ac pretium sem. Suspendisse fringilla mattis orci in consequat. Mauris quis nulla sed dui volutpat semper eget at neque.</p>
]]></content:encoded>
					
		
		
			</item>
		<item>
		<title>Powerful Moments of Peace During Protests</title>
		<link>/index.php/2018/11/19/powerful-moments-of-peace-during-protests/</link>
		
		<dc:creator><![CDATA[Rush]]></dc:creator>
		<pubDate>Mon, 19 Nov 2018 14:46:57 +0000</pubDate>
				<category><![CDATA[Editor's Pick]]></category>
		<guid isPermaLink="false">https://www.themehorse.com/preview/newscard/?p=122</guid>

					<description><![CDATA[Lorem ipsum dolor sit amet, consectetur adipiscing elit. Aliquam eros ante, placerat ac pulvinar at, iaculis a quam. Duis ut risus lobortis diam molestie vehicula. Nunc aliquet lectus at egestas&#8230; ]]></description>
										<content:encoded><![CDATA[<p>Lorem ipsum dolor sit amet, consectetur adipiscing elit. Aliquam eros ante, placerat ac pulvinar at, iaculis a quam. Duis ut risus lobortis diam molestie vehicula. Nunc aliquet lectus at egestas tristique. Orci varius natoque penatibus et magnis dis parturient montes, nascetur ridiculus mus. Ut commodo vel quam sit amet aliquam. Nulla facilisi. Sed enim libero, pellentesque euismod hendrerit sed, vestibulum nec mi. Integer aliquam purus blandit eleifend auctor. Maecenas porttitor eros at pulvinar lobortis. Donec arcu ante, fringilla id orci id, dignissim mollis sapien. Aenean vehicula justo mauris, eget interdum turpis dapibus a.</p>
<p>Quisque massa mauris, imperdiet in nisl vitae, mollis faucibus enim. Suspendisse mollis tempus enim, id tincidunt velit lacinia eget. Nam tincidunt lorem sit amet malesuada aliquet. Morbi pellentesque pharetra turpis vel mattis. Proin vulputate aliquet tincidunt. Nulla sed urna consequat, aliquam diam in, congue metus. Nullam sit amet aliquam orci.</p>
<p>Donec lorem metus, pulvinar sit amet augue ut, tristique euismod neque. Nullam vitae hendrerit tellus, sit amet maximus lorem. Praesent commodo orci ut venenatis dictum. Pellentesque odio quam, rutrum a mi sed, aliquet ullamcorper ipsum. Phasellus bibendum elit ligula, sed placerat diam hendrerit non. Suspendisse commodo tempus leo at congue. Curabitur aliquet efficitur nisi, eu dignissim dui consectetur vitae. Aenean eget magna quis est tincidunt maximus. Nunc non metus vitae sem imperdiet scelerisque. Aenean egestas euismod ante, id congue ligula egestas sed. Quisque eros enim, dignissim non efficitur posuere, viverra in velit. Aliquam ac pretium sem. Suspendisse fringilla mattis orci in consequat. Mauris quis nulla sed dui volutpat semper eget at neque.</p>
]]></content:encoded>
					
		
		
			</item>
		<item>
		<title>Top Heart Shaped Islands in the World</title>
		<link>/index.php/2018/11/19/top-heart-shaped-islands-in-the-world/</link>
		
		<dc:creator><![CDATA[Rush]]></dc:creator>
		<pubDate>Mon, 19 Nov 2018 14:44:35 +0000</pubDate>
				<category><![CDATA[Travel]]></category>
		<guid isPermaLink="false">https://www.themehorse.com/preview/newscard/?p=106</guid>

					<description><![CDATA[Lorem ipsum dolor sit amet, consectetur adipiscing elit. Aliquam eros ante, placerat ac pulvinar at, iaculis a quam. Duis ut risus lobortis diam molestie vehicula. Nunc aliquet lectus at egestas&#8230; ]]></description>
										<content:encoded><![CDATA[<p>Lorem ipsum dolor sit amet, consectetur adipiscing elit. Aliquam eros ante, placerat ac pulvinar at, iaculis a quam. Duis ut risus lobortis diam molestie vehicula. Nunc aliquet lectus at egestas tristique. Orci varius natoque penatibus et magnis dis parturient montes, nascetur ridiculus mus. Ut commodo vel quam sit amet aliquam. Nulla facilisi. Sed enim libero, pellentesque euismod hendrerit sed, vestibulum nec mi. Integer aliquam purus blandit eleifend auctor. Maecenas porttitor eros at pulvinar lobortis. Donec arcu ante, fringilla id orci id, dignissim mollis sapien. Aenean vehicula justo mauris, eget interdum turpis dapibus a.</p>
<p>Quisque massa mauris, imperdiet in nisl vitae, mollis faucibus enim. Suspendisse mollis tempus enim, id tincidunt velit lacinia eget. Nam tincidunt lorem sit amet malesuada aliquet. Morbi pellentesque pharetra turpis vel mattis. Proin vulputate aliquet tincidunt. Nulla sed urna consequat, aliquam diam in, congue metus. Nullam sit amet aliquam orci.</p>
<p>Donec lorem metus, pulvinar sit amet augue ut, tristique euismod neque. Nullam vitae hendrerit tellus, sit amet maximus lorem. Praesent commodo orci ut venenatis dictum. Pellentesque odio quam, rutrum a mi sed, aliquet ullamcorper ipsum. Phasellus bibendum elit ligula, sed placerat diam hendrerit non. Suspendisse commodo tempus leo at congue. Curabitur aliquet efficitur nisi, eu dignissim dui consectetur vitae. Aenean eget magna quis est tincidunt maximus. Nunc non metus vitae sem imperdiet scelerisque. Aenean egestas euismod ante, id congue ligula egestas sed. Quisque eros enim, dignissim non efficitur posuere, viverra in velit. Aliquam ac pretium sem. Suspendisse fringilla mattis orci in consequat. Mauris quis nulla sed dui volutpat semper eget at neque.</p>
]]></content:encoded>
					
		
		
			</item>
		<item>
		<title>Ways to Run Indoors and with Limited Space</title>
		<link>/index.php/2018/11/19/ways-to-run-indoors-and-with-limited-space/</link>
		
		<dc:creator><![CDATA[Rush]]></dc:creator>
		<pubDate>Mon, 19 Nov 2018 12:58:37 +0000</pubDate>
				<category><![CDATA[Popular]]></category>
		<category><![CDATA[Sports]]></category>
		<guid isPermaLink="false">https://www.themehorse.com/preview/newscard/?p=41</guid>

					<description><![CDATA[Lorem ipsum dolor sit amet, consectetur adipiscing elit. Aliquam eros ante, placerat ac pulvinar at, iaculis a quam. Duis ut risus lobortis diam molestie vehicula. Nunc aliquet lectus at egestas&#8230; ]]></description>
										<content:encoded><![CDATA[<p>Lorem ipsum dolor sit amet, consectetur adipiscing elit. Aliquam eros ante, placerat ac pulvinar at, iaculis a quam. Duis ut risus lobortis diam molestie vehicula. Nunc aliquet lectus at egestas tristique. Orci varius natoque penatibus et magnis dis parturient montes, nascetur ridiculus mus. Ut commodo vel quam sit amet aliquam. Nulla facilisi. Sed enim libero, pellentesque euismod hendrerit sed, vestibulum nec mi. Integer aliquam purus blandit eleifend auctor. Maecenas porttitor eros at pulvinar lobortis. Donec arcu ante, fringilla id orci id, dignissim mollis sapien. Aenean vehicula justo mauris, eget interdum turpis dapibus a.</p>
<p>Quisque massa mauris, imperdiet in nisl vitae, mollis faucibus enim. Suspendisse mollis tempus enim, id tincidunt velit lacinia eget. Nam tincidunt lorem sit amet malesuada aliquet. Morbi pellentesque pharetra turpis vel mattis. Proin vulputate aliquet tincidunt. Nulla sed urna consequat, aliquam diam in, congue metus. Nullam sit amet aliquam orci.</p>
<p>Donec lorem metus, pulvinar sit amet augue ut, tristique euismod neque. Nullam vitae hendrerit tellus, sit amet maximus lorem. Praesent commodo orci ut venenatis dictum. Pellentesque odio quam, rutrum a mi sed, aliquet ullamcorper ipsum. Phasellus bibendum elit ligula, sed placerat diam hendrerit non. Suspendisse commodo tempus leo at congue. Curabitur aliquet efficitur nisi, eu dignissim dui consectetur vitae. Aenean eget magna quis est tincidunt maximus. Nunc non metus vitae sem imperdiet scelerisque. Aenean egestas euismod ante, id congue ligula egestas sed. Quisque eros enim, dignissim non efficitur posuere, viverra in velit. Aliquam ac pretium sem. Suspendisse fringilla mattis orci in consequat. Mauris quis nulla sed dui volutpat semper eget at neque.</p>
]]></content:encoded>
					
		
		
			</item>
		<item>
		<title>Step by Step First Time Air Travel Guide</title>
		<link>/index.php/2018/11/19/step-by-step-first-time-air-travel-guide/</link>
		
		<dc:creator><![CDATA[Rush]]></dc:creator>
		<pubDate>Mon, 19 Nov 2018 12:57:01 +0000</pubDate>
				<category><![CDATA[Popular]]></category>
		<category><![CDATA[Travel]]></category>
		<guid isPermaLink="false">https://www.themehorse.com/preview/newscard/?p=107</guid>

					<description><![CDATA[Lorem ipsum dolor sit amet, consectetur adipiscing elit. Aliquam eros ante, placerat ac pulvinar at, iaculis a quam. Duis ut risus lobortis diam molestie vehicula. Nunc aliquet lectus at egestas&#8230; ]]></description>
										<content:encoded><![CDATA[<p>Lorem ipsum dolor sit amet, consectetur adipiscing elit. Aliquam eros ante, placerat ac pulvinar at, iaculis a quam. Duis ut risus lobortis diam molestie vehicula. Nunc aliquet lectus at egestas tristique. Orci varius natoque penatibus et magnis dis parturient montes, nascetur ridiculus mus. Ut commodo vel quam sit amet aliquam. Nulla facilisi. Sed enim libero, pellentesque euismod hendrerit sed, vestibulum nec mi. Integer aliquam purus blandit eleifend auctor. Maecenas porttitor eros at pulvinar lobortis. Donec arcu ante, fringilla id orci id, dignissim mollis sapien. Aenean vehicula justo mauris, eget interdum turpis dapibus a.</p>
<p>Quisque massa mauris, imperdiet in nisl vitae, mollis faucibus enim. Suspendisse mollis tempus enim, id tincidunt velit lacinia eget. Nam tincidunt lorem sit amet malesuada aliquet. Morbi pellentesque pharetra turpis vel mattis. Proin vulputate aliquet tincidunt. Nulla sed urna consequat, aliquam diam in, congue metus. Nullam sit amet aliquam orci.</p>
<p>Donec lorem metus, pulvinar sit amet augue ut, tristique euismod neque. Nullam vitae hendrerit tellus, sit amet maximus lorem. Praesent commodo orci ut venenatis dictum. Pellentesque odio quam, rutrum a mi sed, aliquet ullamcorper ipsum. Phasellus bibendum elit ligula, sed placerat diam hendrerit non. Suspendisse commodo tempus leo at congue. Curabitur aliquet efficitur nisi, eu dignissim dui consectetur vitae. Aenean eget magna quis est tincidunt maximus. Nunc non metus vitae sem imperdiet scelerisque. Aenean egestas euismod ante, id congue ligula egestas sed. Quisque eros enim, dignissim non efficitur posuere, viverra in velit. Aliquam ac pretium sem. Suspendisse fringilla mattis orci in consequat. Mauris quis nulla sed dui volutpat semper eget at neque.</p>
]]></content:encoded>
					
		
		
			</item>
		<item>
		<title>America&#8217;s Largest Cruise Agency</title>
		<link>/index.php/2018/11/19/americas-largest-cruise-agency/</link>
		
		<dc:creator><![CDATA[Rush]]></dc:creator>
		<pubDate>Mon, 19 Nov 2018 12:52:12 +0000</pubDate>
				<category><![CDATA[Travel]]></category>
		<guid isPermaLink="false">https://www.themehorse.com/preview/newscard/?p=105</guid>

					<description><![CDATA[Lorem ipsum dolor sit amet, consectetur adipiscing elit. Aliquam eros ante, placerat ac pulvinar at, iaculis a quam. Duis ut risus lobortis diam molestie vehicula. Nunc aliquet lectus at egestas&#8230; ]]></description>
										<content:encoded><![CDATA[<p>Lorem ipsum dolor sit amet, consectetur adipiscing elit. Aliquam eros ante, placerat ac pulvinar at, iaculis a quam. Duis ut risus lobortis diam molestie vehicula. Nunc aliquet lectus at egestas tristique. Orci varius natoque penatibus et magnis dis parturient montes, nascetur ridiculus mus. Ut commodo vel quam sit amet aliquam. Nulla facilisi. Sed enim libero, pellentesque euismod hendrerit sed, vestibulum nec mi. Integer aliquam purus blandit eleifend auctor. Maecenas porttitor eros at pulvinar lobortis. Donec arcu ante, fringilla id orci id, dignissim mollis sapien. Aenean vehicula justo mauris, eget interdum turpis dapibus a.</p>
<p>Quisque massa mauris, imperdiet in nisl vitae, mollis faucibus enim. Suspendisse mollis tempus enim, id tincidunt velit lacinia eget. Nam tincidunt lorem sit amet malesuada aliquet. Morbi pellentesque pharetra turpis vel mattis. Proin vulputate aliquet tincidunt. Nulla sed urna consequat, aliquam diam in, congue metus. Nullam sit amet aliquam orci.</p>
<p>Donec lorem metus, pulvinar sit amet augue ut, tristique euismod neque. Nullam vitae hendrerit tellus, sit amet maximus lorem. Praesent commodo orci ut venenatis dictum. Pellentesque odio quam, rutrum a mi sed, aliquet ullamcorper ipsum. Phasellus bibendum elit ligula, sed placerat diam hendrerit non. Suspendisse commodo tempus leo at congue. Curabitur aliquet efficitur nisi, eu dignissim dui consectetur vitae. Aenean eget magna quis est tincidunt maximus. Nunc non metus vitae sem imperdiet scelerisque. Aenean egestas euismod ante, id congue ligula egestas sed. Quisque eros enim, dignissim non efficitur posuere, viverra in velit. Aliquam ac pretium sem. Suspendisse fringilla mattis orci in consequat. Mauris quis nulla sed dui volutpat semper eget at neque.</p>
]]></content:encoded>
					
		
		
			</item>
		<item>
		<title>Travel documents for adults and children</title>
		<link>/index.php/2018/11/19/travel-documents-for-adults-and-children/</link>
		
		<dc:creator><![CDATA[Rush]]></dc:creator>
		<pubDate>Mon, 19 Nov 2018 12:51:12 +0000</pubDate>
				<category><![CDATA[Travel]]></category>
		<guid isPermaLink="false">https://www.themehorse.com/preview/newscard/?p=104</guid>

					<description><![CDATA[Lorem ipsum dolor sit amet, consectetur adipiscing elit. Aliquam eros ante, placerat ac pulvinar at, iaculis a quam. Duis ut risus lobortis diam molestie vehicula. Nunc aliquet lectus at egestas&#8230; ]]></description>
										<content:encoded><![CDATA[<p>Lorem ipsum dolor sit amet, consectetur adipiscing elit. Aliquam eros ante, placerat ac pulvinar at, iaculis a quam. Duis ut risus lobortis diam molestie vehicula. Nunc aliquet lectus at egestas tristique. Orci varius natoque penatibus et magnis dis parturient montes, nascetur ridiculus mus. Ut commodo vel quam sit amet aliquam. Nulla facilisi. Sed enim libero, pellentesque euismod hendrerit sed, vestibulum nec mi. Integer aliquam purus blandit eleifend auctor. Maecenas porttitor eros at pulvinar lobortis. Donec arcu ante, fringilla id orci id, dignissim mollis sapien. Aenean vehicula justo mauris, eget interdum turpis dapibus a.</p>
<p>Quisque massa mauris, imperdiet in nisl vitae, mollis faucibus enim. Suspendisse mollis tempus enim, id tincidunt velit lacinia eget. Nam tincidunt lorem sit amet malesuada aliquet. Morbi pellentesque pharetra turpis vel mattis. Proin vulputate aliquet tincidunt. Nulla sed urna consequat, aliquam diam in, congue metus. Nullam sit amet aliquam orci.</p>
<p>Donec lorem metus, pulvinar sit amet augue ut, tristique euismod neque. Nullam vitae hendrerit tellus, sit amet maximus lorem. Praesent commodo orci ut venenatis dictum. Pellentesque odio quam, rutrum a mi sed, aliquet ullamcorper ipsum. Phasellus bibendum elit ligula, sed placerat diam hendrerit non. Suspendisse commodo tempus leo at congue. Curabitur aliquet efficitur nisi, eu dignissim dui consectetur vitae. Aenean eget magna quis est tincidunt maximus. Nunc non metus vitae sem imperdiet scelerisque. Aenean egestas euismod ante, id congue ligula egestas sed. Quisque eros enim, dignissim non efficitur posuere, viverra in velit. Aliquam ac pretium sem. Suspendisse fringilla mattis orci in consequat. Mauris quis nulla sed dui volutpat semper eget at neque.</p>
]]></content:encoded>
					
		
		
			</item>
		<item>
		<title>Your Travel Blog centered on an Interactive Map</title>
		<link>/index.php/2018/11/19/your-travel-blog-centered-on-an-interactive-map/</link>
		
		<dc:creator><![CDATA[Rush]]></dc:creator>
		<pubDate>Mon, 19 Nov 2018 12:48:21 +0000</pubDate>
				<category><![CDATA[Travel]]></category>
		<guid isPermaLink="false">https://www.themehorse.com/preview/newscard/?p=102</guid>

					<description><![CDATA[Lorem ipsum dolor sit amet, consectetur adipiscing elit. Aliquam eros ante, placerat ac pulvinar at, iaculis a quam. Duis ut risus lobortis diam molestie vehicula. Nunc aliquet lectus at egestas&#8230; ]]></description>
										<content:encoded><![CDATA[<p>Lorem ipsum dolor sit amet, consectetur adipiscing elit. Aliquam eros ante, placerat ac pulvinar at, iaculis a quam. Duis ut risus lobortis diam molestie vehicula. Nunc aliquet lectus at egestas tristique. Orci varius natoque penatibus et magnis dis parturient montes, nascetur ridiculus mus. Ut commodo vel quam sit amet aliquam. Nulla facilisi. Sed enim libero, pellentesque euismod hendrerit sed, vestibulum nec mi. Integer aliquam purus blandit eleifend auctor. Maecenas porttitor eros at pulvinar lobortis. Donec arcu ante, fringilla id orci id, dignissim mollis sapien. Aenean vehicula justo mauris, eget interdum turpis dapibus a.</p>
<p>Quisque massa mauris, imperdiet in nisl vitae, mollis faucibus enim. Suspendisse mollis tempus enim, id tincidunt velit lacinia eget. Nam tincidunt lorem sit amet malesuada aliquet. Morbi pellentesque pharetra turpis vel mattis. Proin vulputate aliquet tincidunt. Nulla sed urna consequat, aliquam diam in, congue metus. Nullam sit amet aliquam orci.</p>
<p>Donec lorem metus, pulvinar sit amet augue ut, tristique euismod neque. Nullam vitae hendrerit tellus, sit amet maximus lorem. Praesent commodo orci ut venenatis dictum. Pellentesque odio quam, rutrum a mi sed, aliquet ullamcorper ipsum. Phasellus bibendum elit ligula, sed placerat diam hendrerit non. Suspendisse commodo tempus leo at congue. Curabitur aliquet efficitur nisi, eu dignissim dui consectetur vitae. Aenean eget magna quis est tincidunt maximus. Nunc non metus vitae sem imperdiet scelerisque. Aenean egestas euismod ante, id congue ligula egestas sed. Quisque eros enim, dignissim non efficitur posuere, viverra in velit. Aliquam ac pretium sem. Suspendisse fringilla mattis orci in consequat. Mauris quis nulla sed dui volutpat semper eget at neque.</p>
]]></content:encoded>
					
		
		
			</item>
	</channel>
</rss>
