<?xml version="1.0" encoding="UTF-8"?><rss version="2.0"
	xmlns:content="http://purl.org/rss/1.0/modules/content/"
	xmlns:wfw="http://wellformedweb.org/CommentAPI/"
	xmlns:dc="http://purl.org/dc/elements/1.1/"
	xmlns:atom="http://www.w3.org/2005/Atom"
	xmlns:sy="http://purl.org/rss/1.0/modules/syndication/"
	xmlns:slash="http://purl.org/rss/1.0/modules/slash/"
	>

<channel>
	<title>Popular &#8211; Rush</title>
	<atom:link href="/index.php/category/popular/feed/" rel="self" type="application/rss+xml" />
	<link></link>
	<description>News or Branding Web</description>
	<lastBuildDate>Mon, 19 Nov 2018 12:58:37 +0000</lastBuildDate>
	<language>es</language>
	<sy:updatePeriod>
	hourly	</sy:updatePeriod>
	<sy:updateFrequency>
	1	</sy:updateFrequency>
	<generator>https://wordpress.org/?v=5.9.3</generator>

<image>
	<url>/wp-content/uploads/2022/05/RUSH-logo.png</url>
	<title>Popular &#8211; Rush</title>
	<link></link>
	<width>32</width>
	<height>32</height>
</image> 
	<item>
		<title>Ways to Run Indoors and with Limited Space</title>
		<link>/index.php/2018/11/19/ways-to-run-indoors-and-with-limited-space/</link>
		
		<dc:creator><![CDATA[Rush]]></dc:creator>
		<pubDate>Mon, 19 Nov 2018 12:58:37 +0000</pubDate>
				<category><![CDATA[Popular]]></category>
		<category><![CDATA[Sports]]></category>
		<guid isPermaLink="false">https://www.themehorse.com/preview/newscard/?p=41</guid>

					<description><![CDATA[Lorem ipsum dolor sit amet, consectetur adipiscing elit. Aliquam eros ante, placerat ac pulvinar at, iaculis a quam. Duis ut risus lobortis diam molestie vehicula. Nunc aliquet lectus at egestas&#8230; ]]></description>
										<content:encoded><![CDATA[<p>Lorem ipsum dolor sit amet, consectetur adipiscing elit. Aliquam eros ante, placerat ac pulvinar at, iaculis a quam. Duis ut risus lobortis diam molestie vehicula. Nunc aliquet lectus at egestas tristique. Orci varius natoque penatibus et magnis dis parturient montes, nascetur ridiculus mus. Ut commodo vel quam sit amet aliquam. Nulla facilisi. Sed enim libero, pellentesque euismod hendrerit sed, vestibulum nec mi. Integer aliquam purus blandit eleifend auctor. Maecenas porttitor eros at pulvinar lobortis. Donec arcu ante, fringilla id orci id, dignissim mollis sapien. Aenean vehicula justo mauris, eget interdum turpis dapibus a.</p>
<p>Quisque massa mauris, imperdiet in nisl vitae, mollis faucibus enim. Suspendisse mollis tempus enim, id tincidunt velit lacinia eget. Nam tincidunt lorem sit amet malesuada aliquet. Morbi pellentesque pharetra turpis vel mattis. Proin vulputate aliquet tincidunt. Nulla sed urna consequat, aliquam diam in, congue metus. Nullam sit amet aliquam orci.</p>
<p>Donec lorem metus, pulvinar sit amet augue ut, tristique euismod neque. Nullam vitae hendrerit tellus, sit amet maximus lorem. Praesent commodo orci ut venenatis dictum. Pellentesque odio quam, rutrum a mi sed, aliquet ullamcorper ipsum. Phasellus bibendum elit ligula, sed placerat diam hendrerit non. Suspendisse commodo tempus leo at congue. Curabitur aliquet efficitur nisi, eu dignissim dui consectetur vitae. Aenean eget magna quis est tincidunt maximus. Nunc non metus vitae sem imperdiet scelerisque. Aenean egestas euismod ante, id congue ligula egestas sed. Quisque eros enim, dignissim non efficitur posuere, viverra in velit. Aliquam ac pretium sem. Suspendisse fringilla mattis orci in consequat. Mauris quis nulla sed dui volutpat semper eget at neque.</p>
]]></content:encoded>
					
		
		
			</item>
		<item>
		<title>Step by Step First Time Air Travel Guide</title>
		<link>/index.php/2018/11/19/step-by-step-first-time-air-travel-guide/</link>
		
		<dc:creator><![CDATA[Rush]]></dc:creator>
		<pubDate>Mon, 19 Nov 2018 12:57:01 +0000</pubDate>
				<category><![CDATA[Popular]]></category>
		<category><![CDATA[Travel]]></category>
		<guid isPermaLink="false">https://www.themehorse.com/preview/newscard/?p=107</guid>

					<description><![CDATA[Lorem ipsum dolor sit amet, consectetur adipiscing elit. Aliquam eros ante, placerat ac pulvinar at, iaculis a quam. Duis ut risus lobortis diam molestie vehicula. Nunc aliquet lectus at egestas&#8230; ]]></description>
										<content:encoded><![CDATA[<p>Lorem ipsum dolor sit amet, consectetur adipiscing elit. Aliquam eros ante, placerat ac pulvinar at, iaculis a quam. Duis ut risus lobortis diam molestie vehicula. Nunc aliquet lectus at egestas tristique. Orci varius natoque penatibus et magnis dis parturient montes, nascetur ridiculus mus. Ut commodo vel quam sit amet aliquam. Nulla facilisi. Sed enim libero, pellentesque euismod hendrerit sed, vestibulum nec mi. Integer aliquam purus blandit eleifend auctor. Maecenas porttitor eros at pulvinar lobortis. Donec arcu ante, fringilla id orci id, dignissim mollis sapien. Aenean vehicula justo mauris, eget interdum turpis dapibus a.</p>
<p>Quisque massa mauris, imperdiet in nisl vitae, mollis faucibus enim. Suspendisse mollis tempus enim, id tincidunt velit lacinia eget. Nam tincidunt lorem sit amet malesuada aliquet. Morbi pellentesque pharetra turpis vel mattis. Proin vulputate aliquet tincidunt. Nulla sed urna consequat, aliquam diam in, congue metus. Nullam sit amet aliquam orci.</p>
<p>Donec lorem metus, pulvinar sit amet augue ut, tristique euismod neque. Nullam vitae hendrerit tellus, sit amet maximus lorem. Praesent commodo orci ut venenatis dictum. Pellentesque odio quam, rutrum a mi sed, aliquet ullamcorper ipsum. Phasellus bibendum elit ligula, sed placerat diam hendrerit non. Suspendisse commodo tempus leo at congue. Curabitur aliquet efficitur nisi, eu dignissim dui consectetur vitae. Aenean eget magna quis est tincidunt maximus. Nunc non metus vitae sem imperdiet scelerisque. Aenean egestas euismod ante, id congue ligula egestas sed. Quisque eros enim, dignissim non efficitur posuere, viverra in velit. Aliquam ac pretium sem. Suspendisse fringilla mattis orci in consequat. Mauris quis nulla sed dui volutpat semper eget at neque.</p>
]]></content:encoded>
					
		
		
			</item>
		<item>
		<title>Most Extreme Motorcycle Races</title>
		<link>/index.php/2018/11/19/most-extreme-motorcycle-races/</link>
		
		<dc:creator><![CDATA[Rush]]></dc:creator>
		<pubDate>Mon, 19 Nov 2018 10:26:50 +0000</pubDate>
				<category><![CDATA[Popular]]></category>
		<category><![CDATA[Sports]]></category>
		<guid isPermaLink="false">https://www.themehorse.com/preview/newscard/?p=43</guid>

					<description><![CDATA[Lorem ipsum dolor sit amet, consectetur adipiscing elit. Aliquam eros ante, placerat ac pulvinar at, iaculis a quam. Duis ut risus lobortis diam molestie vehicula. Nunc aliquet lectus at egestas&#8230; ]]></description>
										<content:encoded><![CDATA[<p>Lorem ipsum dolor sit amet, consectetur adipiscing elit. Aliquam eros ante, placerat ac pulvinar at, iaculis a quam. Duis ut risus lobortis diam molestie vehicula. Nunc aliquet lectus at egestas tristique. Orci varius natoque penatibus et magnis dis parturient montes, nascetur ridiculus mus. Ut commodo vel quam sit amet aliquam. Nulla facilisi. Sed enim libero, pellentesque euismod hendrerit sed, vestibulum nec mi. Integer aliquam purus blandit eleifend auctor. Maecenas porttitor eros at pulvinar lobortis. Donec arcu ante, fringilla id orci id, dignissim mollis sapien. Aenean vehicula justo mauris, eget interdum turpis dapibus a.</p>
<p>Quisque massa mauris, imperdiet in nisl vitae, mollis faucibus enim. Suspendisse mollis tempus enim, id tincidunt velit lacinia eget. Nam tincidunt lorem sit amet malesuada aliquet. Morbi pellentesque pharetra turpis vel mattis. Proin vulputate aliquet tincidunt. Nulla sed urna consequat, aliquam diam in, congue metus. Nullam sit amet aliquam orci.</p>
<p>Donec lorem metus, pulvinar sit amet augue ut, tristique euismod neque. Nullam vitae hendrerit tellus, sit amet maximus lorem. Praesent commodo orci ut venenatis dictum. Pellentesque odio quam, rutrum a mi sed, aliquet ullamcorper ipsum. Phasellus bibendum elit ligula, sed placerat diam hendrerit non. Suspendisse commodo tempus leo at congue. Curabitur aliquet efficitur nisi, eu dignissim dui consectetur vitae. Aenean eget magna quis est tincidunt maximus. Nunc non metus vitae sem imperdiet scelerisque. Aenean egestas euismod ante, id congue ligula egestas sed. Quisque eros enim, dignissim non efficitur posuere, viverra in velit. Aliquam ac pretium sem. Suspendisse fringilla mattis orci in consequat. Mauris quis nulla sed dui volutpat semper eget at neque.</p>
]]></content:encoded>
					
		
		
			</item>
		<item>
		<title>Development of the Sports Ground</title>
		<link>/index.php/2018/11/19/development-of-the-sports-ground/</link>
		
		<dc:creator><![CDATA[Rush]]></dc:creator>
		<pubDate>Mon, 19 Nov 2018 10:23:30 +0000</pubDate>
				<category><![CDATA[Popular]]></category>
		<category><![CDATA[Sports]]></category>
		<guid isPermaLink="false">https://www.themehorse.com/preview/newscard/?p=40</guid>

					<description><![CDATA[Lorem ipsum dolor sit amet, consectetur adipiscing elit. Aliquam eros ante, placerat ac pulvinar at, iaculis a quam. Duis ut risus lobortis diam molestie vehicula. Nunc aliquet lectus at egestas&#8230; ]]></description>
										<content:encoded><![CDATA[<p>Lorem ipsum dolor sit amet, consectetur adipiscing elit. Aliquam eros ante, placerat ac pulvinar at, iaculis a quam. Duis ut risus lobortis diam molestie vehicula. Nunc aliquet lectus at egestas tristique. Orci varius natoque penatibus et magnis dis parturient montes, nascetur ridiculus mus. Ut commodo vel quam sit amet aliquam. Nulla facilisi. Sed enim libero, pellentesque euismod hendrerit sed, vestibulum nec mi. Integer aliquam purus blandit eleifend auctor. Maecenas porttitor eros at pulvinar lobortis. Donec arcu ante, fringilla id orci id, dignissim mollis sapien. Aenean vehicula justo mauris, eget interdum turpis dapibus a.</p>
<p>Quisque massa mauris, imperdiet in nisl vitae, mollis faucibus enim. Suspendisse mollis tempus enim, id tincidunt velit lacinia eget. Nam tincidunt lorem sit amet malesuada aliquet. Morbi pellentesque pharetra turpis vel mattis. Proin vulputate aliquet tincidunt. Nulla sed urna consequat, aliquam diam in, congue metus. Nullam sit amet aliquam orci.</p>
<p>Donec lorem metus, pulvinar sit amet augue ut, tristique euismod neque. Nullam vitae hendrerit tellus, sit amet maximus lorem. Praesent commodo orci ut venenatis dictum. Pellentesque odio quam, rutrum a mi sed, aliquet ullamcorper ipsum. Phasellus bibendum elit ligula, sed placerat diam hendrerit non. Suspendisse commodo tempus leo at congue. Curabitur aliquet efficitur nisi, eu dignissim dui consectetur vitae. Aenean eget magna quis est tincidunt maximus. Nunc non metus vitae sem imperdiet scelerisque. Aenean egestas euismod ante, id congue ligula egestas sed. Quisque eros enim, dignissim non efficitur posuere, viverra in velit. Aliquam ac pretium sem. Suspendisse fringilla mattis orci in consequat. Mauris quis nulla sed dui volutpat semper eget at neque.</p>
]]></content:encoded>
					
		
		
			</item>
	</channel>
</rss>
