<?xml version="1.0" encoding="UTF-8"?><rss version="2.0"
	xmlns:content="http://purl.org/rss/1.0/modules/content/"
	xmlns:wfw="http://wellformedweb.org/CommentAPI/"
	xmlns:dc="http://purl.org/dc/elements/1.1/"
	xmlns:atom="http://www.w3.org/2005/Atom"
	xmlns:sy="http://purl.org/rss/1.0/modules/syndication/"
	xmlns:slash="http://purl.org/rss/1.0/modules/slash/"
	>

<channel>
	<title>Fashion &#8211; Rush</title>
	<atom:link href="/index.php/category/fashion/feed/" rel="self" type="application/rss+xml" />
	<link></link>
	<description>News or Branding Web</description>
	<lastBuildDate>Tue, 10 May 2022 16:22:36 +0000</lastBuildDate>
	<language>es</language>
	<sy:updatePeriod>
	hourly	</sy:updatePeriod>
	<sy:updateFrequency>
	1	</sy:updateFrequency>
	<generator>https://wordpress.org/?v=5.9.3</generator>

<image>
	<url>/wp-content/uploads/2022/05/RUSH-logo.png</url>
	<title>Fashion &#8211; Rush</title>
	<link></link>
	<width>32</width>
	<height>32</height>
</image> 
	<item>
		<title>The Most Popular Groom Suits</title>
		<link>/index.php/2018/11/19/the-most-popular-groom-suits/</link>
		
		<dc:creator><![CDATA[Rush]]></dc:creator>
		<pubDate>Mon, 19 Nov 2018 13:20:19 +0000</pubDate>
				<category><![CDATA[Fashion]]></category>
		<category><![CDATA[Main Stories]]></category>
		<category><![CDATA[mens]]></category>
		<category><![CDATA[suits]]></category>
		<guid isPermaLink="false">https://www.themehorse.com/preview/newscard/?p=65</guid>

					<description><![CDATA[Lorem ipsum dolor sit amet, consectetur adipiscing elit. Aliquam eros ante, placerat ac pulvinar at, iaculis a quam. Duis ut risus lobortis diam molestie vehicula. Nunc aliquet lectus at egestas&#8230; ]]></description>
										<content:encoded><![CDATA[<p>Lorem ipsum dolor sit amet, consectetur adipiscing elit. Aliquam eros ante, placerat ac pulvinar at, iaculis a quam. Duis ut risus lobortis diam molestie vehicula. Nunc aliquet lectus at egestas tristique. Orci varius natoque penatibus et magnis dis parturient montes, nascetur ridiculus mus. Ut commodo vel quam sit amet aliquam. Nulla facilisi. Sed enim libero, pellentesque euismod hendrerit sed, vestibulum nec mi. Integer aliquam purus blandit eleifend auctor. Maecenas porttitor eros at pulvinar lobortis. Donec arcu ante, fringilla id orci id, dignissim mollis sapien. Aenean vehicula justo mauris, eget interdum turpis dapibus a.</p>
<p>Quisque massa mauris, imperdiet in nisl vitae, mollis faucibus enim. Suspendisse mollis tempus enim, id tincidunt velit lacinia eget. Nam tincidunt lorem sit amet malesuada aliquet. Morbi pellentesque pharetra turpis vel mattis. Proin vulputate aliquet tincidunt. Nulla sed urna consequat, aliquam diam in, congue metus. Nullam sit amet aliquam orci.</p>
<p>Donec lorem metus, pulvinar sit amet augue ut, tristique euismod neque. Nullam vitae hendrerit tellus, sit amet maximus lorem. Praesent commodo orci ut venenatis dictum. Pellentesque odio quam, rutrum a mi sed, aliquet ullamcorper ipsum. Phasellus bibendum elit ligula, sed placerat diam hendrerit non. Suspendisse commodo tempus leo at congue. Curabitur aliquet efficitur nisi, eu dignissim dui consectetur vitae. Aenean eget magna quis est tincidunt maximus. Nunc non metus vitae sem imperdiet scelerisque. Aenean egestas euismod ante, id congue ligula egestas sed. Quisque eros enim, dignissim non efficitur posuere, viverra in velit. Aliquam ac pretium sem. Suspendisse fringilla mattis orci in consequat. Mauris quis nulla sed dui volutpat semper eget at neque.</p>
]]></content:encoded>
					
		
		
			</item>
		<item>
		<title>Best Natural and Organic Makeup</title>
		<link>/index.php/2018/11/19/best-natural-and-organic-makeup/</link>
		
		<dc:creator><![CDATA[Rush]]></dc:creator>
		<pubDate>Mon, 19 Nov 2018 09:18:20 +0000</pubDate>
				<category><![CDATA[Fashion]]></category>
		<category><![CDATA[makeup]]></category>
		<guid isPermaLink="false">https://www.themehorse.com/preview/newscard/?p=64</guid>

					<description><![CDATA[Lorem ipsum dolor sit amet, consectetur adipiscing elit. Aliquam eros ante, placerat ac pulvinar at, iaculis a quam. Duis ut risus lobortis diam molestie vehicula. Nunc aliquet lectus at egestas&#8230; ]]></description>
										<content:encoded><![CDATA[<p>Lorem ipsum dolor sit amet, consectetur adipiscing elit. Aliquam eros ante, placerat ac pulvinar at, iaculis a quam. Duis ut risus lobortis diam molestie vehicula. Nunc aliquet lectus at egestas tristique. Orci varius natoque penatibus et magnis dis parturient montes, nascetur ridiculus mus. Ut commodo vel quam sit amet aliquam. Nulla facilisi. Sed enim libero, pellentesque euismod hendrerit sed, vestibulum nec mi. Integer aliquam purus blandit eleifend auctor. Maecenas porttitor eros at pulvinar lobortis. Donec arcu ante, fringilla id orci id, dignissim mollis sapien. Aenean vehicula justo mauris, eget interdum turpis dapibus a.</p>
<p>Quisque massa mauris, imperdiet in nisl vitae, mollis faucibus enim. Suspendisse mollis tempus enim, id tincidunt velit lacinia eget. Nam tincidunt lorem sit amet malesuada aliquet. Morbi pellentesque pharetra turpis vel mattis. Proin vulputate aliquet tincidunt. Nulla sed urna consequat, aliquam diam in, congue metus. Nullam sit amet aliquam orci.</p>
<p>Donec lorem metus, pulvinar sit amet augue ut, tristique euismod neque. Nullam vitae hendrerit tellus, sit amet maximus lorem. Praesent commodo orci ut venenatis dictum. Pellentesque odio quam, rutrum a mi sed, aliquet ullamcorper ipsum. Phasellus bibendum elit ligula, sed placerat diam hendrerit non. Suspendisse commodo tempus leo at congue. Curabitur aliquet efficitur nisi, eu dignissim dui consectetur vitae. Aenean eget magna quis est tincidunt maximus. Nunc non metus vitae sem imperdiet scelerisque. Aenean egestas euismod ante, id congue ligula egestas sed. Quisque eros enim, dignissim non efficitur posuere, viverra in velit. Aliquam ac pretium sem. Suspendisse fringilla mattis orci in consequat. Mauris quis nulla sed dui volutpat semper eget at neque.</p>
]]></content:encoded>
					
		
		
			</item>
		<item>
		<title>Goggles &#038; Shades for Girls</title>
		<link>/index.php/2018/11/19/goggles-shades-for-girls/</link>
		
		<dc:creator><![CDATA[Rush]]></dc:creator>
		<pubDate>Mon, 19 Nov 2018 09:16:47 +0000</pubDate>
				<category><![CDATA[Fashion]]></category>
		<category><![CDATA[Recommended]]></category>
		<guid isPermaLink="false">https://www.themehorse.com/preview/newscard/?p=62</guid>

					<description><![CDATA[Lorem ipsum dolor sit amet, consectetur adipiscing elit. Aliquam eros ante, placerat ac pulvinar at, iaculis a quam. Duis ut risus lobortis diam molestie vehicula. Nunc aliquet lectus at egestas&#8230; ]]></description>
										<content:encoded><![CDATA[<p>Lorem ipsum dolor sit amet, consectetur adipiscing elit. Aliquam eros ante, placerat ac pulvinar at, iaculis a quam. Duis ut risus lobortis diam molestie vehicula. Nunc aliquet lectus at egestas tristique. Orci varius natoque penatibus et magnis dis parturient montes, nascetur ridiculus mus. Ut commodo vel quam sit amet aliquam. Nulla facilisi. Sed enim libero, pellentesque euismod hendrerit sed, vestibulum nec mi. Integer aliquam purus blandit eleifend auctor. Maecenas porttitor eros at pulvinar lobortis. Donec arcu ante, fringilla id orci id, dignissim mollis sapien. Aenean vehicula justo mauris, eget interdum turpis dapibus a.</p>
<p>Quisque massa mauris, imperdiet in nisl vitae, mollis faucibus enim. Suspendisse mollis tempus enim, id tincidunt velit lacinia eget. Nam tincidunt lorem sit amet malesuada aliquet. Morbi pellentesque pharetra turpis vel mattis. Proin vulputate aliquet tincidunt. Nulla sed urna consequat, aliquam diam in, congue metus. Nullam sit amet aliquam orci.</p>
<p>Donec lorem metus, pulvinar sit amet augue ut, tristique euismod neque. Nullam vitae hendrerit tellus, sit amet maximus lorem. Praesent commodo orci ut venenatis dictum. Pellentesque odio quam, rutrum a mi sed, aliquet ullamcorper ipsum. Phasellus bibendum elit ligula, sed placerat diam hendrerit non. Suspendisse commodo tempus leo at congue. Curabitur aliquet efficitur nisi, eu dignissim dui consectetur vitae. Aenean eget magna quis est tincidunt maximus. Nunc non metus vitae sem imperdiet scelerisque. Aenean egestas euismod ante, id congue ligula egestas sed. Quisque eros enim, dignissim non efficitur posuere, viverra in velit. Aliquam ac pretium sem. Suspendisse fringilla mattis orci in consequat. Mauris quis nulla sed dui volutpat semper eget at neque.</p>
]]></content:encoded>
					
		
		
			</item>
	</channel>
</rss>
